{"lebensmittel":{"Butterkäse":{"Vitamin B3":0.04777777777777778,"Vitamin B7":0.00002777777777777778,"Vitamin B1":0.0002777777777777778,"Jod":0.0003611111111111111,"Kalium":0.8055555555555556,"Eisen":0.003888888888888889,"Vitamin B5":0.007777777777777778,"Zink :":0.04,"Natrium":8.0,"Chlorid":11.0,"Phosphor":4.0,"Vitamin B12":0.000019444444444444445,"Vitamin B9FolsäureFolat":0.0,"Fluorid":0.001388888888888889,"Magnesium":0.3611111111111111,"Vitamin A":0.0025,"Kupfer":0.0011111111111111111,"Vitamin B2":0.0030555555555555557,"Vitamin B6":0.0005555555555555556,"Vitamin E":0.006944444444444444,"Vitamin C":0.0,"Vitamin K":0.0,"Mangan":0.0002777777777777778,"Calcium":7.5},"Möhregegartgegart":{"Magnesium":0.1},"Paranuss":{"Vitamin B3":0.025,"Vitamin B7":0.0,"Vitamin B1":0.01,"Jod":0.0,"Kalium":6.5,"Eisen":0.0325,"Vitamin B5":0.0,"Zink :":0.04,"Natrium":0.02,"Chlorid":0.5,"Phosphor":6.75,"Vitamin B12":0.0,"Vitamin B9FolsäureFolat":0.0,"Fluorid":0.00125,"Magnesium":1.5,"Vitamin A":0.0,"Kupfer":0.0125,"Vitamin B2":0.0,"Vitamin B6":0.0,"Vitamin E":0.075,"Vitamin C":0.005,"Vitamin K":0.0,"Mangan":0.005,"Calcium":1.25},"Parboiledreisgegart":{"Vitamin B3":0.013611111111111112,"Vitamin B7":0.000011111111111111112,"Vitamin B1":0.0008333333333333333,"Jod":8.333333333333334e-6,"Kalium":0.5694444444444444,"Eisen":0.011,"Vitamin B5":0.0020277777777777777,"Zink :":0.006111111111111111,"Natrium":0.019444444444444445,"Chlorid":0.15,"Phosphor":0.4,"Vitamin B12":0.0,"Vitamin B9FolsäureFolat":0.000030555555555555554,"Fluorid":0.00015,"Magnesium":0.1111111111111111,"Vitamin A":0.0,"Kupfer":0.0012777777777777779,"Vitamin B2":0.00008333333333333333,"Vitamin B6":0.0008333333333333333,"Vitamin E":0.0010833333333333333,"Vitamin C":0.0,"Vitamin K":0.0,"Mangan":0.014805555555555556,"Calcium":0.08888888888888889},"Eigelbgegart":{"Vitamin B3":0.037,"Vitamin B7":0.0004,"Vitamin B1":0.002,"Jod":0.0001,"Kalium":0.9,"Eisen":0.05550000000000001,"Vitamin B5":0.0305,"Zink :":0.039,"Natrium":0.25,"Chlorid":0.7,"Phosphor":5.75,"Vitamin B12":0.00002,"Vitamin B9FolsäureFolat":0.001,"Fluorid":0.00030000000000000003,"Magnesium":0.15,"Vitamin A":0.009,"Kupfer":0.003,"Vitamin B2":0.0025,"Vitamin B6":0.002,"Vitamin E":0.057999999999999996,"Vitamin C":0.0,"Vitamin K":0.0014500000000000001,"Mangan":0.001,"Calcium":1.35},"Honigmelone":{"Vitamin B3":0.0078000000000000005,"Vitamin B7":0.00004,"Vitamin B1":0.0006,"Jod":0.00002,"Kalium":3.09,"Eisen":0.002,"Vitamin B5":0.0017000000000000001,"Zink :":0.001,"Natrium":0.17,"Chlorid":0.44,"Phosphor":0.24,"Vitamin B12":0.0,"Vitamin B9FolsäureFolat":0.0003,"Fluorid":0.0001,"Magnesium":0.11,"Vitamin A":0.0039000000000000003,"Kupfer":0.0004,"Vitamin B2":0.0002,"Vitamin B6":0.0009,"Vitamin E":0.001,"Vitamin C":0.33,"Vitamin K":0.0,"Mangan":0.0004,"Calcium":0.14},"Hähnchenbrustfiletgebraten":{"Vitamin B3":0.1323,"Vitamin B7":0.00002,"Vitamin B1":0.0004,"Jod":0.00001,"Kalium":2.44,"Eisen":0.0123,"Vitamin B5":0.0076,"Zink :":0.0118,"Natrium":2.51,"Chlorid":3.81,"Phosphor":2.04,"Vitamin B12":2.9999999999999997e-6,"Vitamin B9FolsäureFolat":0.0,"Fluorid":0.00047,"Magnesium":0.27,"Vitamin A":0.0002,"Kupfer":0.0015,"Vitamin B2":0.0008,"Vitamin B6":0.0036,"Vitamin E":0.0078000000000000005,"Vitamin C":0.0014000000000000002,"Vitamin K":0.0,"Mangan":0.0003,"Calcium":0.16},"Möhregegart":{"Vitamin B3":0.0066,"Vitamin B7":0.00004,"Vitamin B1":0.0009,"Jod":0.00003,"Kalium":2.87,"Eisen":0.0032,"Vitamin B5":0.0022,"Zink :":0.0023,"Natrium":0.19,"Chlorid":0.61,"Phosphor":0.36,"Vitamin B12":0.0,"Vitamin B9FolsäureFolat":0.0001,"Fluorid":0.0002,"Vitamin A":0.0077,"Vitamin B2":0.0001,"Kupfer":0.0005,"Vitamin B6":0.0014000000000000002,"Vitamin E":0.0046,"Vitamin K":0.0001,"Vitamin C":0.023,"Mangan":0.001,"Calcium":0.21},"Pastinakegegart":{"Vitamin B3":0.01,"Vitamin B7":0.0,"Vitamin B1":0.0006,"Jod":0.00004,"Kalium":3.89,"Eisen":0.0059,"Vitamin B5":0.0038,"Zink :":0.0072,"Natrium":0.06,"Chlorid":0.48,"Phosphor":0.76,"Vitamin B12":0.0,"Vitamin B9FolsäureFolat":0.0003,"Fluorid":0.0001,"Magnesium":0.21,"Vitamin A":0.0,"Kupfer":0.0013,"Vitamin B2":0.001,"Vitamin B6":0.0008,"Vitamin E":0.0085,"Vitamin C":0.11939999999999999,"Vitamin K":0.0,"Mangan":0.0038,"Calcium":0.44},"Quinoagegart":{"Vitamin B3":0.010717948717948718,"Vitamin B7":2.564102564102564e-6,"Vitamin B1":0.0013846153846153847,"Jod":0.000058974358974358975,"Kalium":1.7153846153846153,"Eisen":0.011282051282051283,"Vitamin B5":0.003538461538461538,"Zink :":0.01176923076923077,"Natrium":0.023076923076923078,"Chlorid":0.33589743589743587,"Phosphor":1.8717948717948718,"Vitamin B12":0.0,"Vitamin B9FolsäureFolat":0.00015384615384615385,"Fluorid":0.00007179487179487179,"Magnesium":0.6948717948717948,"Vitamin A":0.0,"Kupfer":0.0016666666666666668,"Vitamin B2":0.0001794871794871795,"Vitamin B6":0.00046153846153846153,"Vitamin E":0.0004358974358974359,"Vitamin C":0.013307692307692309,"Vitamin K":0.0,"Mangan":0.004564102564102565,"Calcium":0.24102564102564103},"Zucchinigegart":{"Vitamin B3":0.0062307692307692316,"Vitamin B7":0.00002307692307692308,"Vitamin B1":0.0005384615384615385,"Jod":0.00002307692307692308,"Kalium":1.6692307692307693,"Eisen":0.014153846153846154,"Vitamin B5":0.0006153846153846154,"Zink :":0.002076923076923077,"Natrium":0.007692307692307693,"Chlorid":0.46153846153846156,"Phosphor":0.23076923076923078,"Vitamin B12":0.0,"Vitamin B9FolsäureFolat":0.00023076923076923076,"Fluorid":0.00019999999999999998,"Magnesium":0.2230769230769231,"Vitamin A":0.00023076923076923076,"Kupfer":0.0007692307692307692,"Vitamin B2":0.0006923076923076923,"Vitamin B6":0.0006923076923076923,"Vitamin E":0.005538461538461538,"Vitamin C":0.08884615384615385,"Vitamin K":0.00006153846153846154,"Mangan":0.0013846153846153845,"Calcium":0.3230769230769231},"Olivenöl":{"Vitamin B3":0.0,"Vitamin B7":0.0,"Vitamin B1":0.0,"Jod":0.0,"Kalium":0.0,"Eisen":0.001,"Vitamin B5":0.0,"Zink :":0.0,"Natrium":0.01,"Chlorid":1.0,"Phosphor":0.01,"Vitamin B12":0.0,"Vitamin B9FolsäureFolat":0.0,"Fluorid":0.0,"Magnesium":0.0,"Vitamin A":0.0,"Kupfer":0.0008,"Vitamin B2":0.0,"Vitamin B6":0.0,"Vitamin E":0.12,"Vitamin C":0.0,"Vitamin K":0.0006000000000000001,"Mangan":0.0,"Calcium":0.01},"Blumenkohlgegart":{"Vitamin B3":0.011200000000000002,"Vitamin B7":0.00002,"Vitamin B1":0.0007000000000000001,"Jod":0.00001,"Kalium":2.32,"Eisen":0.0045000000000000005,"Vitamin B5":0.0086,"Zink :":0.0026,"Natrium":0.12,"Chlorid":0.2,"Phosphor":0.49,"Vitamin B12":0.0,"Vitamin B9FolsäureFolat":0.0003,"Fluorid":0.00008999999999999999,"Magnesium":0.13,"Vitamin A":0.0,"Kupfer":0.0004,"Vitamin B2":0.0008,"Vitamin B6":0.0016,"Vitamin E":0.0007000000000000001,"Vitamin C":0.49,"Vitamin K":0.0003,"Mangan":0.0019,"Calcium":0.22},"Hirsegegart":{"Vitamin B3":0.01425,"Vitamin B7":0.000017500000000000002,"Vitamin B1":0.0008,"Jod":0.00001,"Kalium":0.52,"Eisen":0.026025,"Vitamin B5":0.002825,"Zink :":0.010275000000000001,"Natrium":0.01,"Chlorid":0.06,"Phosphor":0.99,"Vitamin B12":0.0,"Vitamin B9FolsäureFolat":0.00005,"Fluorid":0.00018999999999999998,"Magnesium":0.46,"Vitamin A":0.0,"Kupfer":0.0023,"Vitamin B2":0.0003,"Vitamin B6":0.0009750000000000001,"Vitamin E":0.000375,"Vitamin C":0.0,"Vitamin K":0.0,"Mangan":0.004175,"Calcium":0.04},"Gurkegegart":{"Vitamin B3":0.0022307692307692306,"Vitamin B7":7.692307692307692e-6,"Vitamin B1":0.00015384615384615385,"Jod":0.00002307692307692308,"Kalium":1.176923076923077,"Eisen":0.004692307692307692,"Vitamin B5":0.0018461538461538461,"Zink :":0.0016923076923076924,"Natrium":0.06923076923076923,"Chlorid":0.36923076923076925,"Phosphor":0.23076923076923078,"Vitamin B12":0.0,"Vitamin B9FolsäureFolat":0.00007692307692307693,"Fluorid":0.00019999999999999998,"Magnesium":0.07692307692307693,"Vitamin A":0.0003076923076923077,"Kupfer":0.0009230769230769231,"Vitamin B2":0.00023076923076923076,"Vitamin B6":0.00023076923076923076,"Vitamin E":0.0006923076923076923,"Vitamin C":0.044384615384615383,"Vitamin K":0.00013076923076923077,"Mangan":0.0015,"Calcium":0.16153846153846155},