{"lebensmittel":{"Butterkäse":{"Vitamin B3":0.04777777777777778,"Zink":0.04,"Vitamin B7":0.00002777777777777778,"Vitamin B1":0.0002777777777777778,"Jod":0.0003611111111111111,"Kalium":0.8055555555555556,"Eisen":0.003888888888888889,"Vitamin B5":0.007777777777777778,"Natrium":8.0,"Chlorid":11.0,"Phosphor":4.0,"Vitamin B12":0.000019444444444444445,"Fluorid":0.001388888888888889,"Magnesium":0.3611111111111111,"Vitamin A":0.0025,"Kupfer":0.0011111111111111111,"Vitamin B2":0.0030555555555555557,"Vitamin B6":0.0005555555555555556,"Vitamin E":0.006944444444444444,"Vitamin C":0.0,"Vitamin K":0.0,"Mangan":0.0002777777777777778,"Salz":16.944444444444443,"Calcium":7.5,"Vitamin B9":0.0},"Walnuss":{"Vitamin B3":0.046,"Zink":0.026000000000000002,"Vitamin B7":0.00035,"Vitamin B1":0.003,"Jod":0.00005,"Kalium":4.45,"Eisen":0.027500000000000004,"Vitamin B5":0.0,"Natrium":0.0,"Chlorid":0.2,"Phosphor":3.2,"Vitamin B12":0.0,"Fluorid":0.0,"Magnesium":1.4,"Vitamin A":0.0,"Kupfer":0.013000000000000001,"Vitamin B2":0.001,"Vitamin B6":0.006,"Vitamin E":0.25,"Vitamin C":0.0,"Vitamin K":0.00005,"Mangan":0.027000000000000003,"Salz":0.0,"Calcium":0.85,"Vitamin B9":0.0005},"geröstetegesalzeneKürbiskerne":{"Vitamin B3":0.1012,"Zink":0.061200000000000004,"Vitamin B7":0.00004,"Vitamin B1":0.0028000000000000004,"Jod":0.00004,"Kalium":5.72,"Eisen":0.048799999999999996,"Vitamin B5":0.0036,"Natrium":0.28,"Chlorid":0.8,"Phosphor":5.16,"Vitamin B12":0.0,"Fluorid":0.00092,"Magnesium":2.84,"Vitamin A":0.0,"Kupfer":0.008,"Vitamin B2":0.0,"Vitamin B6":0.0004,"Vitamin E":0.036000000000000004,"Vitamin C":0.0008,"Vitamin K":0.0,"Mangan":0.0276,"Salz":1.2,"Calcium":0.12,"Vitamin B9":0.0},"Paranuss":{"Vitamin B3":0.025,"Zink":0.04,"Vitamin B7":0.0,"Vitamin B1":0.01,"Jod":0.0,"Kalium":6.5,"Eisen":0.0325,"Vitamin B5":0.0,"Natrium":0.02,"Chlorid":0.5,"Phosphor":6.75,"Vitamin B12":0.0,"Fluorid":0.00125,"Magnesium":1.5,"Vitamin A":0.0,"Kupfer":0.0125,"Vitamin B2":0.0,"Vitamin B6":0.0,"Vitamin E":0.075,"Vitamin C":0.005,"Vitamin K":0.0,"Mangan":0.005,"Salz":0.0,"Calcium":1.25,"Vitamin B9":0.0},"Möhregegartgegart":{"Magnesium":0.1},"Parboiledreisgegart":{"Vitamin B3":0.013611111111111112,"Zink":0.006111111111111111,"Vitamin B7":0.000011111111111111112,"Vitamin B1":0.0008333333333333333,"Jod":8.333333333333334e-6,"Kalium":0.5694444444444444,"Eisen":0.011,"Vitamin B5":0.0020277777777777777,"Natrium":0.019444444444444445,"Chlorid":0.15,"Phosphor":0.4,"Vitamin B12":0.0,"Fluorid":0.00015,"Magnesium":0.1111111111111111,"Vitamin A":0.0,"Kupfer":0.0012777777777777779,"Vitamin B2":0.00008333333333333333,"Vitamin B6":0.0008333333333333333,"Vitamin E":0.0010833333333333333,"Vitamin C":0.0,"Vitamin K":0.0,"Mangan":0.014805555555555556,"Salz":0.16666666666666666,"Calcium":0.08888888888888889,"Vitamin B9":0.000030555555555555554},"Eigelbgegart":{"Vitamin B3":0.037,"Zink":0.039,"Vitamin B7":0.0004,"Vitamin B1":0.002,"Jod":0.0001,"Kalium":0.9,"Eisen":0.05550000000000001,"Vitamin B5":0.0305,"Natrium":0.25,"Chlorid":0.7,"Phosphor":5.75,"Vitamin B12":0.00002,"Fluorid":0.00030000000000000003,"Magnesium":0.15,"Vitamin A":0.009,"Kupfer":0.003,"Vitamin B2":0.0025,"Vitamin B6":0.002,"Vitamin E":0.057999999999999996,"Vitamin C":0.0,"Vitamin K":0.0014500000000000001,"Mangan":0.001,"Salz":1.0,"Calcium":1.35,"Vitamin B9":0.001},"Honigmelone":{"Vitamin B3":0.0078000000000000005,"Zink":0.001,"Vitamin B7":0.00004,"Vitamin B1":0.0006,"Jod":0.00002,"Kalium":3.09,"Eisen":0.002,"Vitamin B5":0.0017000000000000001,"Natrium":0.17,"Chlorid":0.44,"Phosphor":0.24,"Vitamin B12":0.0,"Fluorid":0.0001,"Magnesium":0.11,"Vitamin A":0.0039000000000000003,"Kupfer":0.0004,"Vitamin B2":0.0002,"Vitamin B6":0.0009,"Vitamin E":0.001,"Vitamin C":0.33,"Vitamin K":0.0,"Mangan":0.0004,"Salz":0.6,"Calcium":0.14,"Vitamin B9":0.0003},"Hähnchenbrustfiletgebraten":{"Vitamin B3":0.1323,"Zink":0.0118,"Vitamin B7":0.00002,"Vitamin B1":0.0004,"Jod":0.00001,"Kalium":2.44,"Eisen":0.0123,"Vitamin B5":0.0076,"Natrium":2.51,"Chlorid":3.81,"Phosphor":2.04,"Vitamin B12":2.9999999999999997e-6,"Fluorid":0.00047,"Magnesium":0.27,"Vitamin A":0.0002,"Kupfer":0.0015,"Vitamin B2":0.0008,"Vitamin B6":0.0036,"Vitamin E":0.0078000000000000005,"Vitamin C":0.0014000000000000002,"Vitamin K":0.0,"Mangan":0.0003,"Salz":10.0,"Calcium":0.16,"Vitamin B9":0.0},"Möhregegart":{"Vitamin B3":0.0066,"Zink":0.0023,"Vitamin B7":0.00004,"Vitamin B1":0.0009,"Jod":0.00003,"Kalium":2.87,"Eisen":0.0032,"Vitamin B5":0.0022,"Natrium":0.19,"Chlorid":0.61,"Phosphor":0.36,"Vitamin B12":0.0,"Fluorid":0.0002,"Vitamin A":0.0077,"Vitamin B2":0.0001,"Kupfer":0.0005,"Vitamin B6":0.0014000000000000002,"Vitamin E":0.0046,"Vitamin K":0.0001,"Vitamin C":0.023,"Mangan":0.001,"Salz":0.8,"Calcium":0.21,"Vitamin B9":0.0001},"Skyr":{"Vitamin B3":0.023,"Zink":0.005,"Vitamin B7":0.00007000000000000001,"Vitamin B1":0.0,"Jod":0.0001,"Kalium":1.31,"Eisen":0.001,"Vitamin B5":0.006,"Natrium":0.52,"Chlorid":0.8,"Phosphor":1.73,"Vitamin B12":0.00001,"Fluorid":0.0,"Magnesium":0.11,"Vitamin A":0.0,"Kupfer":0.0,"Vitamin B2":0.003,"Vitamin B6":0.001,"Vitamin E":0.0,"Vitamin C":0.0,"Vitamin K":0.00002,"Mangan":0.0,"Salz":1.0,"Calcium":0.92,"Vitamin B9":0.0003},"Pastinakegegart":{"Vitamin B3":0.01,"Zink":0.0072,"Vitamin B7":0.0,"Vitamin B1":0.0006,"Jod":0.00004,"Kalium":3.89,"Eisen":0.0059,"Vitamin B5":0.0038,"Natrium":0.06,"Chlorid":0.48,"Phosphor":0.76,"Vitamin B12":0.0,"Fluorid":0.0001,"Magnesium":0.21,"Vitamin A":0.0,"Kupfer":0.0013,"Vitamin B2":0.001,"Vitamin B6":0.0008,"Vitamin E":0.0085,"Vitamin C":0.11939999999999999,"Vitamin K":0.0,"Mangan":0.0038,"Salz":0.5,"Calcium":0.44,"Vitamin B9":0.0003},"Quinoagegart":{"Vitamin B3":0.010717948717948718,"Zink":0.01176923076923077,"Vitamin B7":2.564102564102564e-6,"Vitamin B1":0.0013846153846153847,"Jod":0.000058974358974358975,"Kalium":1.7153846153846153,"Eisen":0.011282051282051283,"Vitamin B5":0.003538461538461538,"Natrium":0.023076923076923078,"Chlorid":0.33589743589743587,"Phosphor":1.8717948717948718,"Vitamin B12":0.0,"Fluorid":0.00007179487179487179,"Magnesium":0.6948717948717948,"Vitamin A":0.0,"Kupfer":0.0016666666666666668,"Vitamin B2":0.0001794871794871795,"Vitamin B6":0.00046153846153846153,"Vitamin E":0.0004358974358974359,"Vitamin C":0.013307692307692309,"Vitamin K":0.0,"Mangan":0.004564102564102565,"Salz":0.358974358974359,"Calcium":0.24102564102564103,"Vitamin B9":0.00015384615384615385},"Zucchinigegart":{"Vitamin B3":0.0062307692307692316,"Zink":0.002076923076923077,"Vitamin B7":0.00002307692307692308,"Vitamin B1":0.0005384615384615385,"Jod":0.00002307692307692308,"Kalium":1.6692307692307693,"Eisen":0.014153846153846154,"Vitamin B5":0.0006153846153846154,"Natrium":0.007692307692307693,"Chlorid":0.46153846153846156,"Phosphor":0.23076923076923078,"Vitamin B12":0.0,"Fluorid":0.00019999999999999998,"Magnesium":0.2230769230769231,"Vitamin A":0.00023076923076923076,"Kupfer":0.0007692307692307692,"Vitamin B2":0.0006923076923076923,"Vitamin B6":0.0006923076923076923,"Vitamin E":0.005538461538461538,"Vitamin C":0.08884615384615385,"Vitamin K":0.00006153846153846154,"Mangan":0.0013846153846153845,"Salz":0.46153846153846156,"Calcium":0.3230769230769231,"Vitamin B9":0.00023076923076923076},"Olivenöl":{"Vitamin B3":0.0,"Zink":0.0,"Vitamin B7":0.0,"Vitamin B1":0.0,"Jod":0.0,"Kalium":0.0,"Eisen":0.001,"Vitamin B5":0.0,"Natrium":0.01,"Chlorid":1.0,"Phosphor":0.01,"Vitamin B12":0.0,"Fluorid":0.0,"Magnesium":0.0,"Vitamin A":0.0,"Kupfer":0.0008,"Vitamin B2":0.0,"Vitamin B6":0.0,"Vitamin E":0.12,"Vitamin C":0.0,"Vitamin K":0.0006000000000000001,"Mangan":0.0,"Salz":0.0,"Calcium":0.01,"Vitamin B9":0.0},"Blumenkohlgegart":{"Vitamin B3":0.011200000000000002,"Zink":0.0026,"Vitamin B7":0.00002,"Vitamin B1":0.0007000000000000001,"Jod":0.00001,"Kalium":2.32,"Eisen":0.0045000000000000005,"Vitamin B5":0.0086,"Natrium":0.12,"Chlorid":0.2,"Phosphor":0.49,"Vitamin B12":0.0,"Fluorid":0.00008999999999999999,"Magnesium":0.13,"Vitamin A":0.0,"Kupfer":0.0004,"Vitamin B2":0.0008,"Vitamin B6":0.0016,